{
  "nodes": {
    "map#1": {
      "rfNode": {
        "position": {
          "x": 875.3100287331346,
          "y": -357.922952146537
        }
      }
    },
    "nano-banana2-generation#1": {
      "rfNode": {
        "position": {
          "x": 343.22626545501674,
          "y": -455.17553005969455
        }
      }
    }
  },
  "pseudoNodes": {
    "input": {
      "rfNode": {
        "position": {
          "x": -202.4606650257595,
          "y": -455.17553005969455
        }
      }
    },
    "output": {
      "rfNode": {
        "position": {
          "x": 1344.3648311863199,
          "y": -479.3407484667592
        }
      }
    }
  }
}